kľúč;názov;pôvodný názov (pozicovna_List1.csv);pohon;oblasti použitia;doplnok k (kľúč);cena za deň (€);záloha (€);počet ks;fotka (súbor v docs/catalog-source);popis;obsah balenia;upozornenie;parametre (názov: hodnota | …);poznámka na kontrolu
generator-ozonu;Generátor ozónu;Generátor ozonu;Elektrina;Čistenie;;20;100;2;generator-ozonu-grey-30000_150890.webp;Dezinfekcia a odstránenie zápachu.;;;Výkon: 60 g/h | Časovač: 0 – 60 min;
tepovac-parkside-pws-20;Parkside tepovač PWS 20 220V;Parkside tepovač PWS 20 220V;Elektrina;Čistenie;;20;100;1;1b953629d329a7d3e8249e0c3731fdc3d60709ff84d4c6e2d351f4a20918fba7.jpeg;Tepovanie.;;;;V CSV nie sú žiadne parametre – doplniť?
razovy-utahovak-parkside-aku-20v;Parkside rázový uťahovák aku 20V;Parkside razový uťahovak aku 20V;Aku;Stavba;;15;75;1;bd517135fe1d43ddfbc00badc32afcd389789febfa067a580ed4857004b541b6.jpeg;Prezúvanie kolies.;;;Max. uvoľňovací krútiaci moment: 1 898 Nm | Krútiaci moment: 130 / 400 / 1 356 Nm;Žiadna oblasť presne nesedí (auto) – dal som Stavba.
rezacka-plechu-parkside;Parkside rezačka plechu 220V;Parkside rezačka plechu 220V;Elektrina;Stavba;;15;75;1;7b28a1906543208ac315b44ac917b5d8788b75847efbcdab3d9999ff6be9d2ee.jpeg;;;;Max. rezný výkon – hliník: 2,5 mm (200 N/mm²) | Max. rezný výkon – oceľ: 1,6 mm (400 N/mm²), 1,2 mm (600 N/mm²), 0,8 mm (800 N/mm²);
kotucova-pila-pphks-1800-a1;Ručná kotúčová píla PPHKS 1800 A1;Ručná kotúčová píla PPHKS 1800 A1;Elektrina;Práca s drevom;;15;75;1;faf4e7e2b58f491ab2ac61fc8431d2dd.jpg;;1× batéria, kotúč na rezanie;;Príkon: 1 800 W | Voľnobežné otáčky: 3 000 – 6 000/min (6 stupňov) | Uhol rezu: 0 – 45° | Max. hĺbka rezu pri 0°: 64 mm | Max. hĺbka rezu pri 45°: 47 mm;Cena z návrhu. Príkon 1 800 W = sieťová, ale návrh píše „1× batéria“ – ktoré platí? Podľa toho aj pohon.
aku-retazova-pila-ppaghs-20-li-a1;Aku reťazová píla PPAGHS 20-Li A1;Aku reťazová píla PPAGHS 20-Li A1;Aku;Záhrada, Práca s drevom;;15;75;1;gcp0da2a20033424b66ad37723beb8b266a.jpg.webp;;;;Max. dĺžka rezu: cca 19 cm | Max. rýchlosť reťaze: 8 m/s | Objem nádrže na olej: 80 ml;
krizovy-laser-pkllp-360-b3;Aku krížový líniový laser 4 V PKLLP 360 B3;Aku krížový líniový laser 4 V PKLLP 360 B3 aj so stativom;Aku;Stavba;;15;75;1;gcp84bc58ee6353410ea44638059b50771e.jpg.webp;;statív;;Presnosť: ±0,4 mm/m | Pracovný rozsah: do 20 m | Režimy projekcie: samonivelácia / fixácia laserového kyvadla | Trvanie nivelácie: cca 4 s | Rozsah samonivelácie: ±3°;
skracovacia-pokosova-pila-pzks;Skracovacia a pokosová píla PZKS;Skracovacia a pokosová píla PZKS;Elektrina;Práca s drevom;;20;100;1;gcp4f9c23874e2343969f6f6acf4c2dc368.jpeg.webp;;;;Menovitý výkon: 2 000 W | Voľnobežné otáčky: 4 800/min | Pílový kotúč: Ø 210 mm / 24 zubov (predmontovaný) | Nastavenie sklonu: 0° až 45° | Nastavenie pokosu: -47° až +47° | Dĺžka rezu: max. 340 mm (240 mm pri 45°) | Výška rezania: max. 65 mm (38 mm pri 45°) | Zobrazenie línie rezu: laser;
pracovny-stol-pzks;Prenosný pracovný stôl s držiakom náradia;Prenosný pracovný stôl s držiakom náradia;;Práca s drevom;skracovacia-pokosova-pila-pzks;5;25;1;;Pre skracovaciu a pokosovú pílu PZKS.;;;;Chýba fotka.
aku-kombinovane-kladivo-pkhap-205-a1;Aku kombinované kladivo PKHAP 205 A1;Aku kombinované kladivo PKHAP 205 A1;Aku;Stavba, Búracie práce;;15;75;1;gcpbb152092818a4ec9a864f63ddee7035d.png.webp;;;;Energia úderu: 5,8 J | Počet úderov: 0 – 3 800/min | Voľnobežné otáčky: 0 – 760/min;
aku-chvostova-pila-ppssa-40-li-a1;Parkside Aku chvostová píla 40 V PPSSA 40-Li A1;PARKSIDE Aku chvostová píla 40 V PPSSA 40-Li A1;Aku;Stavba, Práca s drevom;;15;75;1;a85ad5f895559f8a3dc145af4feabfc92ffa0bad84c25a2b2101e45a7502fc38.jpeg;;;;Max. rezný výkon – drevo: 150 mm | Max. rezný výkon – oceľ: 15 mm | Max. rezný výkon – farebné kovy: 20 mm | Max. rezný výkon – kovové rúrky: 100 mm | Rozmery: cca 39 × 16 × 8 cm;
plazmova-rezacka-ppsk-40-a1;Parkside Performance plazmová rezačka PPSK 40 A1;PARKSIDE Perfomance PPSK 40 A1  plazmová rezačka;Elektrina;Stavba;;20;100;1;gcp76af5c52583d48c791217c1f22d40dad.jpeg.webp;;;;Rezací prúd: 15 – 40 A | Max. rezný výkon: oceľ 12 mm / železo 10 mm / ušľachtilá oceľ 8 mm / hliník 8 mm / meď 4 mm | Stlačený vzduch: integrovaný kompresor | Pracovný tlak: 4 – 4,5 bar;
miesac-pfmr-1600-a1;Parkside miešač farby a malty PFMR 1600 A1;Miešač farby a malty PFMR 1600 A1;Elektrina;Stavba;;15;75;1;gcp4e6b34d756f94a8ca637093ac57aaade.jpg.webp;;;;Menovitý príkon: 1 600 W | Menovité voľnobežné otáčky: 0 – 800/min | Uchytenie miešača: závit M14 | Priemer univerzálneho miešadla: 138 mm;
aku-hoblik-ppha-20-li-c3;Parkside Aku hoblík PPHA 20-Li C3;Aku hoblík PPHA 20-Li C3;Aku;Práca s drevom;;15;75;1;gcp97d14361675045808197d23d5df9ab64.jpg.webp;;;;Voľnobežné otáčky: 14 000/min | Šírka hobľovania: 82 mm | Hĺbka úberu: 0 – 2 mm | Hĺbka drážky: max. 17 mm;
chvostova-pila-parkside-220v;Parkside chvostová píla 220V;Parkside chvostová píla 220V;Elektrina;Stavba, Práca s drevom;;15;75;1;1358031be07a90243be60899b8b8925e6df078dbe16dec8660b269e6989d24c7.jpeg;;;;Príkon: 850 W | Dĺžka zdvihu: 28 mm | Voľnobežný počet zdvihov: 0 – 2 800/min | Upnutie: rýchloupínacie skľučovadlo | Max. rezný výkon: 200 mm do dreva, 20 mm do kovu;
aku-noznice-na-konare-paas-20-li-b1;Parkside Aku nožnice na konáre 20 V PAAS 20-Li B1;Parkside Aku nožnice na konáre 20 V PAAS 20-Li B1;Aku;Záhrada;;15;75;1;0e83a09f94ad605a816350a3d9d3f8184acbdf7a107f9563cbbf0ce37543603b.jpeg;;;;Rezný výkon: max. 28 mm do mäkkého dreva / max. 15 mm do tvrdého dreva;
aku-priamociara-pila-psspa-20-li-f4;Parkside Aku priamočiara píla 20 V PSSPA 20-Li F4;Parkside Aku priamočiara píla 20 V PSSPA 20-Li F4;Aku;Práca s drevom;;15;75;1;a8f7c0dde97344bc7198368b0ef852525d5c9d277405bed9c2beff40f52c498f.jpeg;;;;Počet zdvihov: 800 – 3 800/min (7 stupňov) | Dĺžka zdvihu: 26 mm | Kyvadlový zdvih: stupne 1 – 3 a nastavenie jemného rezu | Uhol rezu vpravo/vľavo: 0° / 22,5° / 45° | Max. hĺbka rezu: 135 mm do dreva / 20 mm do farebných kovov / 10 mm do mäkkej ocele;
buracie-kladivo-pah-1700-c4;Parkside búracie kladivo PAH 1700 C4;PARKSIDE PAH 1700 C4;Elektrina;Búracie práce;;20;100;1;55f9423108216e5a349b3a4871ca29aa9122f3e2391a48716fc64b105ea1be43.jpeg;;;;Menovitý výkon: 1 700 W | Energia úderu: 50 J | Počet úderov: 200 – 2 100/min;Do názvu som doplnil „búracie kladivo“.
rotacny-nivelak-vevor-green;Rotačný nivelák VEVOR Green 500 m;Nivelak VEVOR Green 500m;Aku;Stavba, Záhrada;;25;125;1;us-JGSPYLG-YELLOW001V2-original_img-v5-laser-level-m100-1.2.jpg;Samonivelačný laser s 360° rotačným skenovaním.;nastaviteľný statív, 5 m lata;;Dosah: 500 m;Počet ks chýbal (dal som 1). Pohon Aku – over.
vyrovnavacie-hrable;Vyrovnávacie nivelačné hrable 120 × 30 cm;Vyrovnávacie nivelačné hrable 120cm x 30cm;;Záhrada;;15;75;2;vyrovnavacie-hrable-na-travnik.jpg;Ručné náradie na vyrovnávanie pozemku.;;;;
rucny-valec-na-travnik;Ručný valec na trávnik 50 × 30 cm;Ručný valec na trávnik, 50cm x 30cm;;Záhrada;;15;75;1;wm-main.webp;;;;Objem valca: 35 l;
vertikulator-fieldman;Benzínový vertikulátor Fieldman;Vertikulátor benzínovy Fieldman;Benzín;Záhrada;;25;125;1;50004094-thousand.webp;;1× nožový valec;;Motor: OHV DUCAR, 212 cm³, 4,3 kW | Pracovná šírka: 40 cm | Vertikutačný valec: 36 nožov | Nastavenie hĺbky: -15 až +5 mm (8 polôh) | Zberný kôš: 35 l, látkový | Podvozok: oceľová konštrukcia, kolesá s guľôčkovými ložiskami | Rukoväť: skladacia;
kosacka-stiga-combi-55-sq-h;Benzínová kosačka STIGA Combi 55 SQ H;Benzínová kosačka STIGA Combi 55 SQ H;Benzín;Záhrada;;25;125;1;68597.webp;;;;Výška kosenia: 25 – 80 mm (5 polôh) | Pracovný záber: 53 cm;
vysokotlakovy-cistic-gaspper-gp3300ha;Gaspper GP3300HA benzínový vysokotlakový čistič;Gaspper GP3300HA benzínový vysokotlakový čistič;Benzín;Čistenie;;25;125;1;df40b4fc-3408-43fa-8c46-81eca1a1652c.jpg.avif;;;;Motor: benzínový, 4-taktný OHV | Výkon: 5,5 HP / 4,1 kW | Tlak vody: 220 bar / 3 200 PSI | Prietok: 11 l/min;
vysokotlakovy-cistic-waspper-w3200hb;Waspper W3200HB benzínový vysokotlakový čistič;Waspper W3200HB benzínový vysokotlakový čistič, Peggas,;Benzín;Čistenie;;25;125;1;38838_vysokotlakovy-cistic-waspper-w3000ha.jpg.webp;Poradí si s olejom, bahnom aj zaschnutou špinou.;;;Motor: Peggas, 4-taktný | Max. tlak: 220 bar | Prietok: 9,6 l/min;Súbor fotky sa volá W3000HA – je to ten istý stroj?
ohrievac-gh25ma;Profesionálny ohrievač GH25MA;Profesionálny ohrievač GH25MA;Benzín;Čistenie;;25;125;1;GH25MA_2.jpg;Pripája sa na vysokotlakový čistič a ohrieva z neho vodu až na 150 °C. Nahrádza čistenie chemickými prostriedkami, horúca voda znižuje výskyt baktérií a vírusov a plocha rýchlejšie schne.;10 m hadice, pištoľ, tryska;POZOR! Tankujte DIESEL, potrebná prípojka 220 V.;Výkon ohrievača: 53,5 kW | Max. teplota vody: 150 °C | Spotreba paliva: 4,73 l/h;Cena z návrhu. Je to diesel – pohon „Benzín“ premenovať na „Palivo“?
motorove-cerpadlo-geko-g81042;Geko motorové čerpadlo G81042;Geko motorové čerpadlá G81042;Benzín;Čerpadlá;;25;125;2;c1cc89ed-ee13-48ab-a29f-089ff4887b87.jpg.avif;;;;"Účinná kapacita: 600 l/min | Max. kapacita: 1 000 l/min | Výška výtlaku: 31 m | Sacia výška: 5 – 8 m | Hadica (vstup/výstup): 80 mm (3"") | Max. výkon motora: 6,5 HP | Motor: jednovalcový, 4-taktný, vzduchom chladený | Štartovanie: manuálne | Palivo: bezolovnatý benzín | Certifikáty: CE";
ponorne-cerpadlo-hecht;Elektrické ponorné čerpadlo HECHT;Elektrické ponorné čerpadlo – HECHT;Elektrina;Čerpadlá;;15;75;1;11314.jpg;Vysáva vodu až do 1 mm hladiny.;;;Príkon: 400 W | Max. výtlak: 5,8 m | Max. prietok: 11 000 l/h | Dĺžka prívodného kábla: 10 m;Počet ks chýbal (dal som 1).
bazenovy-vysavac-dolphin-s300i;Bazénový vysávač Dolphin S300i káblový;Bazenový vysávač Dolphine S300i kablový;Elektrina;Čistenie;;20;100;1;347904c5c33e78a820ce5d72377895bd.webp;;vysávač s kefami, filtračný kôš 100/20 µm, prepojovací kábel 18 m, ovládacia jednotka s transformátorom, napájací kábel, pojazdný vozík;;Dno bazéna: rovné | Tvar bazéna: obdĺžnik, ovál, kruh | Materiál: pre všetky povrchy bazénov | Veľkosť bazéna: do 12 × 6 m;Počet ks chýbal (dal som 1).
vrtacie-kladivo-bosch-gbh-2-26-dfr;Bosch GBH 2-26 DFR, vŕtacie kladivo 220V;Bosch GBH 2-26 DFR, vŕtacie kladivo 220V;Elektrina;Stavba, Búracie práce;;15;75;1;bosch_0611253708-800x800.jpg;;;;Menovitý príkon: 800 W | Rázová energia: max. 2,7 J | Betón (vrtáky pre vŕtacie kladivá): Ø 4 – 26 mm | Optimálny rozsah v betóne: Ø 8 – 16 mm | Murivo (vŕtacie korunky): Ø 68 mm | Oceľ: max. Ø 13 mm | Drevo: max. Ø 30 mm;Cena z návrhu.
sada-vrtakov;Sada vrtákov;(z návrhu, v CSV nie je);;Stavba;vrtacie-kladivo-bosch-gbh-2-26-dfr;5;25;1;;;;;;Chýba fotka a obsah sady (priemery). Doplnok aj ku PKHAP 205?
prisavka-grabo-pro;Prísavka Grabo Pro Brushless;Prísavka Grabo pro bruschless;Aku;Stavba;;15;75;1;4c3d36ca-6946-48e7-a3c9-a9f7b24419b3.jpg.avif;;;;Rozmery: 310 × 191 × 149 mm | Hmotnosť (s batériou): 2 kg | Max. nosnosť: 120 kg | Nastaviteľný podtlak: 0,3 – 0,8 bar;
vibracna-prisavka-na-dlazbu-125;Vibračná prísavka na dlažbu 125 mm;Prísavka vibračná na dlažbu 125mm;Aku;Stavba;;15;75;1;565e5820-18c1-40fd-8e93-68fe5f663d4d.jpg.avif;;2 batérie, kufrík;;Nosnosť: 80 kg | Vibrácie: 100 – 12 000 ot./min | Batéria: 21 V / 2,0 Ah;Počet ks chýbal (dal som 1).
vakuova-prisavka-200-mm;Vákuová prísavka 200 mm s pumpou, 200 kg;Vákuva prísavka 200mm s pumpou 200kg;Aku;Stavba;;15;75;1;Snímka obrazovky 2026-08-31 o 15.47.41.png;;;;Batéria: 3,7 V Li-Ion, 1,5 Ah | Čas nabíjania: max. cca 1,5 h | Nabíjanie: 230 V / 50 Hz | Max. nosnosť: 200 kg | Bezpečná nosnosť: 180 kg | Priemer prísavky: 200 mm | Hmotnosť s akumulátorom: 1,1 kg | Indikácia: LCD displej, svetelná signalizácia | Ochrana: automatické udržiavanie podtlaku pri mikroúniku;
elektricka-vakuova-prisavka-300-kg;Elektrická vákuová prísavka, nosnosť 300 kg, dva motory;Elektrická vákuová prísavka, nosnosť 300 kg, dva motory, čierna;Aku;Stavba;;15;75;2;0a97bac4e73a15bc094085cd2d85afa7.webp;;;;Max. nosnosť: 300 kg | Motor: dva motory | Batéria: 3 600 mAh | Výkon: 6 W | Materiál: prírodný kaučuk | Vhodné povrchy: sklo, dlaždice a iné materiály;
vysavac-bosch-gas-55-m;Bosch vysávač GAS 55 M;Boch vysávač GAS 55 M;Elektrina;Čistenie, Stavba;;20;100;1;image.jpg.webp;;;;Menovitý príkon: 1 200 W | Hmotnosť: 16,2 kg | Objem nádoby (brutto): 55 l | Objem nádoby (netto): 43 l | Objem nádoby – voda (brutto): 40 l;
reproduktor-jbl-partybox-720;Reproduktor JBL PartyBox 720;Reproduktor JBL party 720;Aku;Zábava;;20;100;1;product_8050811.jpg;;;;Výkon: 800 W | Zvuk: JBL Pro Sound | Pripojenie: Bluetooth, Auracast, AUX, USB, XLR | Odolnosť: IPX4 | Výdrž batérie: 15 h | Karaoke: vstup pre mikrofón / gitaru | Ďalšie: svetelné efekty, funkcia powerbanky, aplikácia JBL PartyBox;Počet ks chýbal (dal som 1).
mikrofon-jbl;Bezdrôtový mikrofón JBL;Jbl mikrofon;;Zábava;reproduktor-jbl-partybox-720;5;25;1;;;;;Typ mikrofónu: na spev | Frekvenčný rozsah: 50 – 15 000 Hz | Citlivosť: 100 dB | Pripojenie: bezdrôtové 2,4 GHz;Chýba fotka. Počet ks chýbal (dal som 1).
bateria-jbl-600;Batéria JBL Battery 600 pre PartyBox 720;Batéria JBL BATTERY 600 X2, PartyBox 720 čierna;;Zábava;reproduktor-jbl-partybox-720;5;25;1;;;nabíjacie puzdro;;Kapacita: 21,6 V / 4 584 mAh | Výkon: 45 W | Čas nabíjania: 4 h;Chýba fotka. „X2“ znamená 2 kusy? Dal som 1.
maliarsky-agregat-1200-w;Profesionálny maliarsky agregát 1200 W, 220 bar;Profesionálny maliarsky agregát 1200W, 220 Bar;Elektrina;Stavba;;20;100;1;hydrodynamicky-maliarsky-agregat-pm-pdm-1200-2704.jpg.avif;Pre rôzne druhy náterov na rôzne povrchy. Samočistiaca tryska.;hadica 10 m;;Príkon: 1 200 W | Max. tlak: 220 bar | Dĺžka hadice: 10 m;Počet ks chýbal (dal som 1).
vycapne-zariadenie-lindr-pygmy-20-k;Výčapné zariadenie LINDR PYGMY 20/K Green Line;LINDR PYGMY 20/K GREEN LINE výčapné zariadenie - zostava komplet bajonet + plochý + kombi;Elektrina;Zábava;;20;100;1;adios.jpeg;Stolný chladič na pivo s malými rozmermi.;narážače bajonet, plochý a kombi;;Výkon čapovania: 15 – 20 l/h;Počet ks chýbal (dal som 1).
plosny-cistic-rotacny;Rotačný plošný čistič k vysokotlakovému čističu;(3. strana návrhu, č. 1);;Čistenie;;15;75;1;gcpvcth76af5c52583d48c791217c1f22d40dad.png;;;;;Pomenoval som podľa fotky. Nemá byť doplnkom ku Gaspper/Waspper?
disco-svetlo-derby;LED disco svetelný efekt;(3. strana návrhu, č. 2);Elektrina;Zábava;;15;75;1;gcp76af5c525VFVFV83d48c791217c1f22d40dad.png;;;;;Pomenoval som podľa fotky. Fotky gcp76aFRFF… a gcp76af5crtt… ukazujú to isté svetlo – sú to ďalšie kusy?
vodna-metla;Čistiaca lišta (vodná metla) k vysokotlakovému čističu;(3. strana návrhu, č. 3);;Čistenie;;15;75;1;gcp76af5ccdc52583d48c791217c1f22d40dad.png;;;;;Pomenoval som podľa fotky. Nemá byť doplnkom ku Gaspper/Waspper?
vyrobnik-hmly-beamz;Výrobník hmly beamZ;(3. strana návrhu, č. 4);Elektrina;Zábava;;20;100;1;gcp76af5c52583hzhzhd48c791217c1f22d40dad.png;;;;;Pomenoval som podľa fotky. Model/typ (nízka hmla?) doplniť.
led-svetelna-lista;LED svetelná lišta RGB;(3. strana návrhu, č. 5);Elektrina;Zábava;;15;75;1;gcp76af5c52583dGTGTG48c791217c1f22d40dad.png;;;;;Pomenoval som podľa fotky. Fotky „…copy.jpg“ a „gcp76af5c52583d48c791217c1f22d40dad.png“ – ďalšie kusy tej istej lišty?
plosny-cistic-na-kolesach;Veľký plošný čistič na kolesách k vysokotlakovému čističu;(3. strana návrhu, č. 6);;Čistenie;;20;100;1;gcp76af5c52583d48c79121gtg7c1f22d40dad.png;;;;;Pomenoval som podľa fotky. Nemá byť doplnkom ku Gaspper/Waspper?
vyrobnik-hmly-vello;Výrobník hmly Vello;(3. strana návrhu, č. 7);Elektrina;Zábava;;20;100;1;gcp76af5c5258gtgt3d48c791217c1f22d40dad.png;;;;;Pomenoval som podľa fotky. Model doplniť.
